{
  "reduction_avg": 0.8507333333333333,
  "reduction_min": 0.8506666666666667,
  "reduction_max": 0.8513333333333333,
  "wer_baseline_avg": 1.4166666666666665,
  "wer_vad_avg": 1.4166666666666665,
  "wer_delta_avg": 0.0,
  "wer_samples": 10,
  "wer_skipped": 0
}